AUC,F1,Accuracy,Precision,Recall
0.847679456162357,0.5755743651753326,0.8006814310051107,0.6611111111111111,0.5096359743040685
